group,group_id,url,members,language,promos_allowed,promo_rules,admin_approval,date_posted,ad,tracking_tag,status,reactions,comments,shares,notes
Panama Real Estate Buy Sell Rent,panamarealestate,https://www.facebook.com/groups/panamarealestate,90000,English,yes (real-estate related),Real estate in Panama only; sales/rental ads must show a price; occasional Panama-interest posts allowed,yes,2026-10-06,A,fb (untagged),published (admin approved),1,,,Biggest group. Post https://www.facebook.com/groups/panamarealestate/posts/28537461882583463
Expats In Panama - Properties,525659397616605,https://www.facebook.com/groups/525659397616605,20300,English,yes (properties),For expats offering or looking for properties in Panama,unknown,2026-10-06,A,fb (untagged),posted,,,,Private group. Post 3647279998787847
"Coronado, Panama- Buy, Sell, advertise and promote business",2773228599586104,https://www.facebook.com/groups/2773228599586104,18500,English,yes (business promotion is the group's purpose),Panama residents only,unknown,2026-10-06,A,fb (untagged),posted,,,,Post 4502955586613388
🌼 BOQUETE PANAMA 🌼,1443681522565327,https://www.facebook.com/groups/1443681522565327,11600,English,unclear,No one-to-one selling; Panama-related only; offering services OK per rule 3; no direct-message requests,unknown,2026-10-06,A,fb (untagged),posted,,,,Private group. Post 4495713897362059. Wait 14+ days before reposting; keep it informational
BOQUETE COMPRA Y VENTA,349733816508908,https://www.facebook.com/groups/349733816508908,11700,Spanish,yes (buy/sell anything in Chiriquí),None listed,unknown,2026-10-06,A (Spanish),fb,posted,,,,Post 1671654357650174
"Bocas Real Estate for Sale, Rent, or Wanted",859845742043279,https://www.facebook.com/groups/859845742043279,6600,English,yes (real estate),None listed,unknown,2026-10-06,A,fb (untagged),posted,,,,Small but on-topic. Post 1867719687922541
US Expats In Panama,,,,English,unknown,,unknown,2026-10-06,A,fb (untagged),posted (no link in activity log; check),,,,Not in the joined-groups list; check membership
Canadians in Panama,458905147826518,https://www.facebook.com/groups/458905147826518,18000,English,yes,Don't share the same ad twice in one day,unknown,2026-10-08,s (story),canadians-s,posted by Jeff,,,,Low activity (36 posts/month) so a post stays visible
"Ventas en Panamá Fincas , Lotes ,Casas y Mas",3871026019890957,https://www.facebook.com/groups/3871026019890957,14300,Spanish,yes (property sales),None listed,unknown,2026-10-08,s (story),ventasfincas-s,posted by Jeff,,,,Very busy (≈500 posts/day): posts get buried fast
Coronado & Gorgona for Everyone!,25651659384482757,https://www.facebook.com/groups/25651659384482757,9300,English,"yes (description: Advertise, Promote, Share & Network)",No spam,unknown,2026-10-08,s (story),coronadogorgona-s,posted by Jeff,,,,
Gorgona el paraíso del pacifico,301156258769668,https://www.facebook.com/groups/301156258769668,456,Spanish,not stated,None listed,unknown,,,,never posted,,,,Tiny (456 members); low priority
Expat ventures Panama,1889083798516384,https://www.facebook.com/groups/1889083798516384,4700,English,NO,No promotions or spam,,,,,skip,,,,Rules forbid self-promotion
Expats in Panama- Crime watch,1393987318738796,https://www.facebook.com/groups/1393987318738796,3100,English,NO,No advertising or promoting,,,,,skip,,,,Rules forbid advertising (even though the topic fits)
Terrenos En Venta Panamá,3420087114952218,https://www.facebook.com/groups/3420087114952218,4700,Spanish,only land-related,No ads for products/services unrelated to land; Atlas protects land titles so it fits if framed for land owners,,,,,proposed Oct 9 (terrenos-q),,,,Busy (118 posts/day)
"Expats in Coronado, Panama",193944010320760,https://www.facebook.com/groups/193944010320760,23600,English,local ads only,Ads must be local to Coronado; no real estate or tour ads; max 2 ads per 24h,,,,,proposed Oct 9 (expatscoronado-q),,,,Frame as a local neighbor; admin may remove
All Things Coronado - Uncensored,283545215901387,https://www.facebook.com/groups/283545215901387,1700,English,yes (anything accepted),All content accepted,,,,,backup option,,,,Small
Panama City - Digital Nomads & Expat Entrepreneurs,914806326082283,https://www.facebook.com/groups/914806326082283,907,English,not stated,Networking/meetups,,,,,never posted,,,,Small
Panama Real Estate For Sale By Owner,530548011013967,https://www.facebook.com/groups/530548011013967,6800,Both,NO,For-sale-by-owner listings only,,,,,skip,,,,
REAL ESTATE Panama - Expats - Relocation - Bienes Raices,1184453271573296,https://www.facebook.com/groups/1184453271573296,6600,Both,NO,No promotions or spam,,,,,skip,,,,
Panama Life Network,1452159896028699,https://www.facebook.com/groups/1452159896028699,5100,English,NO,"No promotions, nothing that requires payment",,,,,skip,,,,
